"items","meanSE"
5,0.338943998474271
10,0.242568504195435
15,0.203073760952191
25,0.166895192091537
35,0.14741731457896
50,0.1307423112156
20,0.181618241203416
