"items","meanSE"
5,0.338943998474271
10,0.242568504195435
